﻿<?xml version="1.0" encoding="utf-8"?><document version="1.2.0"><chunks next_id="25"><chunk id="2" path="2/chunk.zip" /><chunk id="5" path="5/chunk.zip" /><chunk id="6" path="6/chunk.zip" /><chunk id="7" path="7/chunk.zip" /><chunk id="8" path="8/chunk.zip" /><chunk id="9" path="9/chunk.zip" /><chunk id="15" path="15/chunk.zip" /><chunk id="16" path="16/chunk.zip" /><chunk id="17" path="17/chunk.zip" /><chunk id="18" path="18/chunk.zip" /><chunk id="19" path="19/chunk.zip" /><chunk id="20" path="20/chunk.zip" /><chunk id="21" path="21/chunk.zip" /><chunk id="24" path="24/chunk.zip" /></chunks></document>